steps,episode,total_return,episode_len,episode_return,raw_return,best_episode
33,1,32.161820994269945,33,32.161820994269945,32.0,32.0
66,2,63.158357771948694,33,30.99653677767876,64.0,32.0
