steps,episode,total_return,episode_len,episode_return,raw_return
319,1,-318.9328052795026,319,-318.9328052795026,-319.0
1319,2,-1317.2814893233174,1000,-998.3486840438152,-1319.0
