steps,episode,total_return,episode_len,episode_return,total_regret
1,1,0.03159959413690234,1,0.03159959413690234,1.0
2,2,-0.12784794859416954,1,-0.15944754273107187,2.0
