steps,episode,total_return,episode_len,episode_return,raw_return,best_episode
33,1,0.03200000000000002,33,0.03200000000000002,32.0,32.0
67,2,0.06500000000000004,34,0.03300000000000002,65.0,33.0
