steps,episode,total_return,episode_len,episode_return,raw_return
1000,1,-1.0000000000000007,1000,-1.0000000000000007,-1000.0
2000,2,-1.9999999999998905,1000,-1.0000000000000007,-2000.0
